﻿<?xml version="1.0" encoding="utf-8"?><Element xmlns:xsi="http://www.w3.org/2001/XMLSchema-instance" xmlns:xsd="http://www.w3.org/2001/XMLSchema" Name="126105" ShortName="Шаблон экрана" Tag="126105" TreeObject="АРМ 1"><ID TaskNumber="0" ItemID="126105" RawItemID="0" TypeHash="0" Path="" STType="" UIDType="Inner"><Owner TaskNumber="0" ItemID="126105" RawItemID="0" TypeHash="0" STType="" UIDType="Inner" /></ID><UsedSTTypes><string>LREAL</string><string>HMI.SolidColorType</string><string>HMI.GradientColorType</string><string>HMI.BorderStyleType</string><string>STRING</string><string>HMI.ResourceType</string><string>HMI.TileType</string><string>HMI.SizeType</string><string>HMI.ProportionType</string><string>DINT</string></UsedSTTypes><Parameters><Parameter Name="Ширина" ShortName="126107" Tag="126107" Role="Width" Value="1920"><ID TaskNumber="0" ItemID="126107" RawItemID="0" TypeHash="1" Path="" STType="LREAL" UIDType="Inner"><Owner TaskNumber="0" ItemID="126105" RawItemID="0" TypeHash="0" STType="" UIDType="Inner" /></ID><Parent TaskNumber="0" ItemID="126105" RawItemID="0" TypeHash="0" Path="" STType="" UIDType="Inner"><Owner TaskNumber="0" ItemID="126105" RawItemID="0" TypeHash="0" STType="" UIDType="Inner" /></Parent><IsValueFromTheme>false</IsValueFromTheme><HasSubTypeName>true</HasSubTypeName><Connections /><IsDynamized>false</IsDynamized><ContiniuosUpdate>false</ContiniuosUpdate></Parameter><Parameter Name="Высота" ShortName="126108" Tag="126108" Role="Height" Value="1080"><ID TaskNumber="0" ItemID="126108" RawItemID="0" TypeHash="1" Path="" STType="LREAL" UIDType="Inner"><Owner TaskNumber="0" ItemID="126105" RawItemID="0" TypeHash="0" STType="" UIDType="Inner" /></ID><Parent TaskNumber="0" ItemID="126105" RawItemID="0" TypeHash="0" Path="" STType="" UIDType="Inner"><Owner TaskNumber="0" ItemID="126105" RawItemID="0" TypeHash="0" STType="" UIDType="Inner" /></Parent><IsValueFromTheme>false</IsValueFromTheme><HasSubTypeName>true</HasSubTypeName><Connections /><IsDynamized>false</IsDynamized><ContiniuosUpdate>false</ContiniuosUpdate></Parameter><Parameter Name="Толщина рамки" ShortName="126109" Tag="126109" Role="BorderThickness" Value="1"><ID TaskNumber="0" ItemID="126109" RawItemID="0" TypeHash="1" Path="" STType="LREAL" UIDType="Inner"><Owner TaskNumber="0" ItemID="126105" RawItemID="0" TypeHash="0" STType="" UIDType="Inner" /></ID><Parent TaskNumber="0" ItemID="126105" RawItemID="0" TypeHash="0" Path="" STType="" UIDType="Inner"><Owner TaskNumber="0" ItemID="126105" RawItemID="0" TypeHash="0" STType="" UIDType="Inner" /></Parent><IsValueFromTheme>false</IsValueFromTheme><HasSubTypeName>true</HasSubTypeName><Connections /><IsDynamized>false</IsDynamized><ContiniuosUpdate>false</ContiniuosUpdate></Parameter><Parameter Name="Цвет рамки" ShortName="126110" Tag="126110" Role="BorderColor" Value="GRAY"><ID TaskNumber="0" ItemID="126110" RawItemID="0" TypeHash="4" Path="" STType="HMI.SolidColorType" UIDType="Inner"><Owner TaskNumber="0" ItemID="126105" RawItemID="0" TypeHash="0" STType="" UIDType="Inner" /></ID><Parent TaskNumber="0" ItemID="126105" RawItemID="0" TypeHash="0" Path="" STType="" UIDType="Inner"><Owner TaskNumber="0" ItemID="126105" RawItemID="0" TypeHash="0" STType="" UIDType="Inner" /></Parent><IsValueFromTheme>false</IsValueFromTheme><HasSubTypeName>true</HasSubTypeName><Connections /><IsDynamized>false</IsDynamized><ContiniuosUpdate>false</ContiniuosUpdate></Parameter><Parameter Name="Заливка фона" ShortName="126111" Tag="126111" Role="BackgroundColor" Value="rgb(245,240,245)"><ID TaskNumber="0" ItemID="126111" RawItemID="0" TypeHash="4" Path="" STType="HMI.GradientColorType" UIDType="Inner"><Owner TaskNumber="0" ItemID="126105" RawItemID="0" TypeHash="0" STType="" UIDType="Inner" /></ID><Parent TaskNumber="0" ItemID="126105" RawItemID="0" TypeHash="0" Path="" STType="" UIDType="Inner"><Owner TaskNumber="0" ItemID="126105" RawItemID="0" TypeHash="0" STType="" UIDType="Inner" /></Parent><IsValueFromTheme>false</IsValueFromTheme><HasSubTypeName>true</HasSubTypeName><Connections /><IsDynamized>false</IsDynamized><ContiniuosUpdate>false</ContiniuosUpdate></Parameter><Parameter Name="Прозрачность" ShortName="126112" Tag="126112" Role="Opacity" Value="100"><ID TaskNumber="0" ItemID="126112" RawItemID="0" TypeHash="1" Path="" STType="LREAL" UIDType="Inner"><Owner TaskNumber="0" ItemID="126105" RawItemID="0" TypeHash="0" STType="" UIDType="Inner" /></ID><Parent TaskNumber="0" ItemID="126105" RawItemID="0" TypeHash="0" Path="" STType="" UIDType="Inner"><Owner TaskNumber="0" ItemID="126105" RawItemID="0" TypeHash="0" STType="" UIDType="Inner" /></Parent><IsValueFromTheme>false</IsValueFromTheme><HasSubTypeName>true</HasSubTypeName><Connections /><IsDynamized>false</IsDynamized><ContiniuosUpdate>false</ContiniuosUpdate></Parameter><Parameter Name="Стиль рамки" ShortName="126113" Tag="126113" Role="BorderStyle" Value="0"><ID TaskNumber="0" ItemID="126113" RawItemID="0" TypeHash="5" Path="" STType="HMI.BorderStyleType" UIDType="Inner"><Owner TaskNumber="0" ItemID="126105" RawItemID="0" TypeHash="0" STType="" UIDType="Inner" /></ID><Parent TaskNumber="0" ItemID="126105" RawItemID="0" TypeHash="0" Path="" STType="" UIDType="Inner"><Owner TaskNumber="0" ItemID="126105" RawItemID="0" TypeHash="0" STType="" UIDType="Inner" /></Parent><IsValueFromTheme>false</IsValueFromTheme><HasSubTypeName>true</HasSubTypeName><Connections /><IsDynamized>false</IsDynamized><ContiniuosUpdate>false</ContiniuosUpdate></Parameter><Parameter Name="Всплывающая подсказка" ShortName="126114" Tag="126114" Role="ToolTip" Value=""><ID TaskNumber="0" ItemID="126114" RawItemID="0" TypeHash="4" Path="" STType="STRING" UIDType="Inner"><Owner TaskNumber="0" ItemID="126105" RawItemID="0" TypeHash="0" STType="" UIDType="Inner" /></ID><Parent TaskNumber="0" ItemID="126105" RawItemID="0" TypeHash="0" Path="" STType="" UIDType="Inner"><Owner TaskNumber="0" ItemID="126105" RawItemID="0" TypeHash="0" STType="" UIDType="Inner" /></Parent><IsValueFromTheme>false</IsValueFromTheme><HasSubTypeName>true</HasSubTypeName><Connections /><IsDynamized>false</IsDynamized><ContiniuosUpdate>false</ContiniuosUpdate></Parameter><Parameter Name="Изображение фона" ShortName="126115" Tag="126115" Role="Resource" Value=""><ID TaskNumber="0" ItemID="126115" RawItemID="0" TypeHash="4" Path="" STType="HMI.ResourceType" UIDType="Inner"><Owner TaskNumber="0" ItemID="126105" RawItemID="0" TypeHash="0" STType="" UIDType="Inner" /></ID><Parent TaskNumber="0" ItemID="126105" RawItemID="0" TypeHash="0" Path="" STType="" UIDType="Inner"><Owner TaskNumber="0" ItemID="126105" RawItemID="0" TypeHash="0" STType="" UIDType="Inner" /></Parent><IsValueFromTheme>false</IsValueFromTheme><HasSubTypeName>true</HasSubTypeName><Connections /><IsDynamized>false</IsDynamized><ContiniuosUpdate>false</ContiniuosUpdate></Parameter><Parameter Name="Замостка фона" ShortName="126116" Tag="126116" Role="BackgroundTile" Value="2"><ID TaskNumber="0" ItemID="126116" RawItemID="0" TypeHash="5" Path="" STType="HMI.TileType" UIDType="Inner"><Owner TaskNumber="0" ItemID="126105" RawItemID="0" TypeHash="0" STType="" UIDType="Inner" /></ID><Parent TaskNumber="0" ItemID="126105" RawItemID="0" TypeHash="0" Path="" STType="" UIDType="Inner"><Owner TaskNumber="0" ItemID="126105" RawItemID="0" TypeHash="0" STType="" UIDType="Inner" /></Parent><IsValueFromTheme>false</IsValueFromTheme><HasSubTypeName>true</HasSubTypeName><Connections /><IsDynamized>false</IsDynamized><ContiniuosUpdate>false</ContiniuosUpdate></Parameter><Parameter Name="XType" ShortName="XType" Tag="0" Role="XType" Value="1"><ID TaskNumber="0" ItemID="4294967294" RawItemID="0" TypeHash="5" Path="" STType="HMI.SizeType" UIDType="Inner" /><IsValueFromTheme>false</IsValueFromTheme><HasSubTypeName>true</HasSubTypeName><IsDynamized>false</IsDynamized><ContiniuosUpdate>false</ContiniuosUpdate></Parameter><Parameter Name="YType" ShortName="YType" Tag="0" Role="YType" Value="1"><ID TaskNumber="0" ItemID="4294967292" RawItemID="0" TypeHash="5" Path="" STType="HMI.SizeType" UIDType="Inner" /><IsValueFromTheme>false</IsValueFromTheme><HasSubTypeName>true</HasSubTypeName><IsDynamized>false</IsDynamized><ContiniuosUpdate>false</ContiniuosUpdate></Parameter><Parameter Name="ProportionType" ShortName="ProportionType" Tag="0" Role="ProportionType" Value="4"><ID TaskNumber="0" ItemID="4294967290" RawItemID="0" TypeHash="5" Path="" STType="HMI.ProportionType" UIDType="Inner" /><IsValueFromTheme>false</IsValueFromTheme><HasSubTypeName>true</HasSubTypeName><IsDynamized>false</IsDynamized><ContiniuosUpdate>false</ContiniuosUpdate></Parameter><Parameter Name="WidthType" ShortName="WidthType" Tag="0" Role="WidthType" Value="1"><ID TaskNumber="0" ItemID="4294967287" RawItemID="0" TypeHash="5" Path="" STType="HMI.SizeType" UIDType="Inner" /><IsValueFromTheme>false</IsValueFromTheme><HasSubTypeName>true</HasSubTypeName><IsDynamized>false</IsDynamized><ContiniuosUpdate>false</ContiniuosUpdate></Parameter><Parameter Name="HeightType" ShortName="HeightType" Tag="0" Role="HeightType" Value="1"><ID TaskNumber="0" ItemID="4294967286" RawItemID="0" TypeHash="5" Path="" STType="HMI.SizeType" UIDType="Inner" /><IsValueFromTheme>false</IsValueFromTheme><HasSubTypeName>true</HasSubTypeName><IsDynamized>false</IsDynamized><ContiniuosUpdate>false</ContiniuosUpdate></Parameter></Parameters><Elements><Element Name="126118" ShortName="Контейнер стартового окна" Tag="126118" TreeObject="АРМ 1"><ID TaskNumber="0" ItemID="126118" RawItemID="0" TypeHash="0" Path="" STType="" UIDType="Inner"><Owner TaskNumber="0" ItemID="126118" RawItemID="0" TypeHash="0" STType="" UIDType="Inner" /></ID><Parent TaskNumber="0" ItemID="126105" RawItemID="0" TypeHash="0" Path="" STType="" UIDType="Inner"><Owner TaskNumber="0" ItemID="126105" RawItemID="0" TypeHash="0" STType="" UIDType="Inner" /></Parent><UsedSTTypes><string>HMI.ResourceType</string><string>DINT</string><string>LREAL</string><string>HMI.SizeType</string><string>HMI.ProportionType</string></UsedSTTypes><TypeID TaskNumber="0" ItemID="5918" RawItemID="0" TypeHash="0" Path="" STType="" UIDType="Inner"><Owner TaskNumber="0" ItemID="5918" RawItemID="0" TypeHash="0" STType="" UIDType="Inner" /></TypeID><Parameters><Parameter Name="Образ" ShortName="126121" Tag="126121" Role="SkinResource" Value=""><ID TaskNumber="0" ItemID="126121" RawItemID="0" TypeHash="4" Path="" STType="HMI.ResourceType" UIDType="Inner"><Owner TaskNumber="0" ItemID="126118" RawItemID="0" TypeHash="0" STType="" UIDType="Inner" /></ID><Parent TaskNumber="0" ItemID="126118" RawItemID="0" TypeHash="0" Path="" STType="" UIDType="Inner"><Owner TaskNumber="0" ItemID="126118" RawItemID="0" TypeHash="0" STType="" UIDType="Inner" /></Parent><IsValueFromTheme>false</IsValueFromTheme><HasSubTypeName>true</HasSubTypeName><Connections /><IsDynamized>false</IsDynamized><ContiniuosUpdate>false</ContiniuosUpdate></Parameter><Parameter Name="Порядок Z" ShortName="126124" Tag="126124" Role="Z" Value="0"><ID TaskNumber="0" ItemID="126124" RawItemID="0" TypeHash="6" Path="" STType="DINT" UIDType="Inner"><Owner TaskNumber="0" ItemID="126118" RawItemID="0" TypeHash="0" STType="" UIDType="Inner" /></ID><Parent TaskNumber="0" ItemID="126118" RawItemID="0" TypeHash="0" Path="" STType="" UIDType="Inner"><Owner TaskNumber="0" ItemID="126118" RawItemID="0" TypeHash="0" STType="" UIDType="Inner" /></Parent><IsValueFromTheme>false</IsValueFromTheme><HasSubTypeName>true</HasSubTypeName><Connections /><IsDynamized>false</IsDynamized><ContiniuosUpdate>false</ContiniuosUpdate></Parameter><Parameter Name="Ширина" ShortName="126125" Tag="126125" Role="Width" Value="1920"><ID TaskNumber="0" ItemID="126125" RawItemID="0" TypeHash="1" Path="" STType="LREAL" UIDType="Inner"><Owner TaskNumber="0" ItemID="126118" RawItemID="0" TypeHash="0" STType="" UIDType="Inner" /></ID><Parent TaskNumber="0" ItemID="126118" RawItemID="0" TypeHash="0" Path="" STType="" UIDType="Inner"><Owner TaskNumber="0" ItemID="126118" RawItemID="0" TypeHash="0" STType="" UIDType="Inner" /></Parent><IsValueFromTheme>false</IsValueFromTheme><HasSubTypeName>true</HasSubTypeName><Connections /><IsDynamized>false</IsDynamized><ContiniuosUpdate>false</ContiniuosUpdate></Parameter><Parameter Name="Высота" ShortName="126122" Tag="126122" Role="Height" Value="1080"><ID TaskNumber="0" ItemID="126122" RawItemID="0" TypeHash="1" Path="" STType="LREAL" UIDType="Inner"><Owner TaskNumber="0" ItemID="126118" RawItemID="0" TypeHash="0" STType="" UIDType="Inner" /></ID><Parent TaskNumber="0" ItemID="126118" RawItemID="0" TypeHash="0" Path="" STType="" UIDType="Inner"><Owner TaskNumber="0" ItemID="126118" RawItemID="0" TypeHash="0" STType="" UIDType="Inner" /></Parent><IsValueFromTheme>false</IsValueFromTheme><HasSubTypeName>true</HasSubTypeName><Connections /><IsDynamized>false</IsDynamized><ContiniuosUpdate>false</ContiniuosUpdate></Parameter><Parameter Name="Клавиатурный индекс" ShortName="126123" Tag="126123" Role="TabIndex" Value="0"><ID TaskNumber="0" ItemID="126123" RawItemID="0" TypeHash="6" Path="" STType="DINT" UIDType="Inner"><Owner TaskNumber="0" ItemID="126118" RawItemID="0" TypeHash="0" STType="" UIDType="Inner" /></ID><Parent TaskNumber="0" ItemID="126118" RawItemID="0" TypeHash="0" Path="" STType="" UIDType="Inner"><Owner TaskNumber="0" ItemID="126118" RawItemID="0" TypeHash="0" STType="" UIDType="Inner" /></Parent><IsValueFromTheme>false</IsValueFromTheme><HasSubTypeName>true</HasSubTypeName><Connections /><IsDynamized>false</IsDynamized><ContiniuosUpdate>false</ContiniuosUpdate></Parameter><Parameter Name="Изображение фона" ShortName="126120" Tag="126120" Role="Resource" Value=""><ID TaskNumber="0" ItemID="126120" RawItemID="0" TypeHash="4" Path="" STType="HMI.ResourceType" UIDType="Inner"><Owner TaskNumber="0" ItemID="126118" RawItemID="0" TypeHash="0" STType="" UIDType="Inner" /></ID><Parent TaskNumber="0" ItemID="126118" RawItemID="0" TypeHash="0" Path="" STType="" UIDType="Inner"><Owner TaskNumber="0" ItemID="126118" RawItemID="0" TypeHash="0" STType="" UIDType="Inner" /></Parent><IsValueFromTheme>false</IsValueFromTheme><HasSubTypeName>true</HasSubTypeName><Connections /><IsDynamized>false</IsDynamized><ContiniuosUpdate>false</ContiniuosUpdate></Parameter><Parameter Name="Координата X" ShortName="126126" Tag="126126" Role="X" Value="0"><ID TaskNumber="0" ItemID="126126" RawItemID="0" TypeHash="1" Path="" STType="LREAL" UIDType="Inner"><Owner TaskNumber="0" ItemID="126118" RawItemID="0" TypeHash="0" STType="" UIDType="Inner" /></ID><Parent TaskNumber="0" ItemID="126118" RawItemID="0" TypeHash="0" Path="" STType="" UIDType="Inner"><Owner TaskNumber="0" ItemID="126118" RawItemID="0" TypeHash="0" STType="" UIDType="Inner" /></Parent><IsValueFromTheme>false</IsValueFromTheme><HasSubTypeName>true</HasSubTypeName><Connections /><IsDynamized>false</IsDynamized><ContiniuosUpdate>false</ContiniuosUpdate></Parameter><Parameter Name="Координата Y" ShortName="126127" Tag="126127" Role="Y" Value="0"><ID TaskNumber="0" ItemID="126127" RawItemID="0" TypeHash="1" Path="" STType="LREAL" UIDType="Inner"><Owner TaskNumber="0" ItemID="126118" RawItemID="0" TypeHash="0" STType="" UIDType="Inner" /></ID><Parent TaskNumber="0" ItemID="126118" RawItemID="0" TypeHash="0" Path="" STType="" UIDType="Inner"><Owner TaskNumber="0" ItemID="126118" RawItemID="0" TypeHash="0" STType="" UIDType="Inner" /></Parent><IsValueFromTheme>false</IsValueFromTheme><HasSubTypeName>true</HasSubTypeName><Connections /><IsDynamized>false</IsDynamized><ContiniuosUpdate>false</ContiniuosUpdate></Parameter><Parameter Name="XType" ShortName="XType" Tag="0" Role="XType" Value="1"><ID TaskNumber="0" ItemID="4294967281" RawItemID="0" TypeHash="5" Path="" STType="HMI.SizeType" UIDType="Inner" /><Parent TaskNumber="0" ItemID="126105" RawItemID="0" TypeHash="0" Path="" STType="" UIDType="Inner"><Owner TaskNumber="0" ItemID="126105" RawItemID="0" TypeHash="0" STType="" UIDType="Inner" /></Parent><IsValueFromTheme>false</IsValueFromTheme><HasSubTypeName>true</HasSubTypeName><IsDynamized>false</IsDynamized><ContiniuosUpdate>false</ContiniuosUpdate></Parameter><Parameter Name="YType" ShortName="YType" Tag="0" Role="YType" Value="1"><ID TaskNumber="0" ItemID="4294967280" RawItemID="0" TypeHash="5" Path="" STType="HMI.SizeType" UIDType="Inner" /><Parent TaskNumber="0" ItemID="126105" RawItemID="0" TypeHash="0" Path="" STType="" UIDType="Inner"><Owner TaskNumber="0" ItemID="126105" RawItemID="0" TypeHash="0" STType="" UIDType="Inner" /></Parent><IsValueFromTheme>false</IsValueFromTheme><HasSubTypeName>true</HasSubTypeName><IsDynamized>false</IsDynamized><ContiniuosUpdate>false</ContiniuosUpdate></Parameter><Parameter Name="ProportionType" ShortName="ProportionType" Tag="0" Role="ProportionType" Value="0"><ID TaskNumber="0" ItemID="4294967279" RawItemID="0" TypeHash="5" Path="" STType="HMI.ProportionType" UIDType="Inner" /><Parent TaskNumber="0" ItemID="126105" RawItemID="0" TypeHash="0" Path="" STType="" UIDType="Inner"><Owner TaskNumber="0" ItemID="126105" RawItemID="0" TypeHash="0" STType="" UIDType="Inner" /></Parent><IsValueFromTheme>false</IsValueFromTheme><HasSubTypeName>true</HasSubTypeName><IsDynamized>false</IsDynamized><ContiniuosUpdate>false</ContiniuosUpdate></Parameter><Parameter Name="WidthType" ShortName="WidthType" Tag="0" Role="WidthType" Value="1"><ID TaskNumber="0" ItemID="4294967278" RawItemID="0" TypeHash="5" Path="" STType="HMI.SizeType" UIDType="Inner" /><Parent TaskNumber="0" ItemID="126105" RawItemID="0" TypeHash="0" Path="" STType="" UIDType="Inner"><Owner TaskNumber="0" ItemID="126105" RawItemID="0" TypeHash="0" STType="" UIDType="Inner" /></Parent><IsValueFromTheme>false</IsValueFromTheme><HasSubTypeName>true</HasSubTypeName><IsDynamized>false</IsDynamized><ContiniuosUpdate>false</ContiniuosUpdate></Parameter><Parameter Name="HeightType" ShortName="HeightType" Tag="0" Role="HeightType" Value="1"><ID TaskNumber="0" ItemID="4294967277" RawItemID="0" TypeHash="5" Path="" STType="HMI.SizeType" UIDType="Inner" /><Parent TaskNumber="0" ItemID="126105" RawItemID="0" TypeHash="0" Path="" STType="" UIDType="Inner"><Owner TaskNumber="0" ItemID="126105" RawItemID="0" TypeHash="0" STType="" UIDType="Inner" /></Parent><IsValueFromTheme>false</IsValueFromTheme><HasSubTypeName>true</HasSubTypeName><IsDynamized>false</IsDynamized><ContiniuosUpdate>false</ContiniuosUpdate></Parameter></Parameters><ObjectId>0</ObjectId><ServerTaskId>-1</ServerTaskId><ServerTaskItemId>0</ServerTaskItemId><HasConnections>false</HasConnections></Element></Elements><ObjectId>0</ObjectId><ServerTaskId>-1</ServerTaskId><ServerTaskItemId>0</ServerTaskItemId><Role>Window</Role><HasConnections>false</HasConnections></Element>