S5;I0.00;BIT;automatic on
S6;I0.01;BIT;automatic off
Power24V;I0.05;BIT;controller on
Power24NA;I0.06;BIT;emergency-stop on
H5;O0.00;BIT;automatic on
H6;O0.01;BIT;automatic off
H8;O0.03;BIT;display error
K1on;O0.07;BIT;conveyor on
B10.1;I10.08;BIT;carrier at stopper ST1
B10.2;I10.09;BIT;stau at ST1
B10.3;I10.10;BIT;workpiece on carrier ST1
B10.4;I10.11;BIT;carrier counter ST1
B10.5;I10.12;BIT;stopper ST1 released
Y10.1;O10.12;BIT;release stopper ST1
ASI_IN1.0;I11.00;BIT;I/O-coupling ST1 IN0 (via ASI)
ASI_IN1.1;I11.01;BIT;I/O-coupling ST1 IN1 (via ASI)
ASI_IN1.2;I11.02;BIT;I/O-coupling ST1 IN2 (via ASI)
ASI_IN1.3;I11.03;BIT;I/O-coupling ST1 IN3 (via ASI)
ASIOUT1.0;O11.00;BIT;I/O-coupling ST1 OUT0 (via ASI)
ASIOUT1.1;O11.01;BIT;I/O-coupling ST1 OUT1 (via ASI)
ASIOUT1.2;O11.02;BIT;I/O-coupling ST1 OUT2 (via ASI)
ASIOUT1.3;O11.03;BIT;I/O-coupling ST1 OUT3 (via ASI)
B20.1;I11.04;BIT;carrier at stopper ST2
B20.2;I11.05;BIT;stau at ST2
B20.3;I11.06;BIT;workpiece on carrier ST2
B20.4;I11.07;BIT;carrier counter ST2
B20.5;I11.08;BIT;stopper ST2 released
ASI_IN2.0;I11.12;BIT;I/O-coupling ST2 IN0 (via ASI)
ASI_IN2.1;I11.13;BIT;I/O-coupling ST2 IN1 (via ASI)
ASI_IN2.2;I11.14;BIT;I/O-coupling ST2 IN2 (via ASI)
ASI_IN2.3;I11.15;BIT;I/O-coupling ST2 IN3 (via ASI)
Y20.1;O11.08;BIT;release stopper ST2
ASIOUT2.0;O11.12;BIT;I/O-coupling ST2 OUT0 (via ASI)
ASIOUT2.1;O11.13;BIT;I/O-coupling ST2 OUT1 (via ASI)
ASIOUT2.2;O11.14;BIT;I/O-coupling ST2 OUT2 (via ASI)
ASIOUT2.3;O11.15;BIT;I/O-coupling ST2 OUT3 (via ASI)
B10.4old;F460.00;BIT;carrier counter ST1 old state
B20.4old;F460.01;BIT;carrier counter ST2 old state
B30.4old;F460.02;BIT;carrier counter ST3 old state
B40.4old;F460.03;BIT;carrier counter ST4 old state
B50.4old;F460.04;BIT;carrier counter ST5 old state
B60.4old;F460.05;BIT;carrier counter ST6 old state
B30.1;I12.00;BIT;carrier at stopper ST3
B30.2;I12.01;BIT;stau at ST3
B30.3;I12.02;BIT;workpiece on carrier ST3
B30.4;I12.03;BIT;carrier counter ST3
B30.5;I12.04;BIT;stopper ST3 released
ASI_IN3.0;I12.08;BIT;I/O-coupling ST3 IN0 (via ASI)
ASI_IN3.1;I12.09;BIT;I/O-coupling ST3 IN1 (via ASI)
ASI_IN3.2;I12.10;BIT;I/O-coupling ST3 IN2 (via ASI)
ASI_IN3.3;I12.11;BIT;I/O-coupling ST3 IN3 (via ASI)
B40.1;I12.12;BIT;carrier at stopper ST4
B40.2;I12.13;BIT;stau at ST4
B40.3;I12.14;BIT;workpiece on carrier ST4
B40.4;I12.15;BIT;carrier counter ST4
B40.5;I13.00;BIT;stopper ST4 released
ASI_IN4.0;I13.04;BIT;I/O-coupling ST4 IN0 (via ASI)
ASI_IN4.1;I13.05;BIT;I/O-coupling ST4 IN1 (via ASI)
ASI_IN4.2;I13.06;BIT;I/O-coupling ST4 IN2 (via ASI)
ASI_IN4.3;I13.07;BIT;I/O-coupling ST4 IN3 (via ASI)
B50.1;I13.08;BIT;carrier at stopper ST5
B50.2;I13.09;BIT;stau at ST5
B50.3;I13.10;BIT;workpiece on carrier ST5
B50.4;I13.11;BIT;carrier counter ST5
B50.5;I13.12;BIT;stopper ST5 released
ASI_IN5.0;I14.00;BIT;I/O-coupling ST5 IN0 (via ASI)
ASI_IN5.1;I14.01;BIT;I/O-coupling ST5 IN1 (via ASI)
ASI_IN5.2;I14.02;BIT;I/O-coupling ST5 IN2 (via ASI)
ASI_IN5.3;I14.03;BIT;I/O-coupling ST5 IN3 (via ASI)
B60.1;I14.04;BIT;carrier at stopper ST6
B60.2;I14.05;BIT;stau at ST6
B60.3;I14.06;BIT;workpiece on carrier ST6
B60.4;I14.07;BIT;carrier counter ST6
B60.5;I14.08;BIT;stopper ST6 released
ASI_IN6.0;I14.12;BIT;I/O-coupling ST6 IN0 (via ASI)
ASI_IN6.1;I14.13;BIT;I/O-coupling ST6 IN1 (via ASI)
ASI_IN6.2;I14.14;BIT;I/O-coupling ST6 IN2 (via ASI)
ASI_IN6.3;I14.15;BIT;I/O-coupling ST6 IN3 (via ASI)
Y30.1;O12.04;BIT;release stopper ST3
ASIOUT3.0;O12.08;BIT;I/O-coupling ST3 OUT0 (via ASI)
ASIOUT3.1;O12.09;BIT;I/O-coupling ST3 OUT1 (via ASI)
ASIOUT3.2;O12.10;BIT;I/O-coupling ST3 OUT2 (via ASI)
ASIOUT3.3;O12.11;BIT;I/O-coupling ST3 OUT3 (via ASI)
Y40.1;O13.00;BIT;release stopper ST4
ASIOUT4.0;O13.04;BIT;I/O-coupling ST4 OUT0 (via ASI)
ASIOUT4.1;O13.05;BIT;I/O-coupling ST4 OUT1 (via ASI)
ASIOUT4.2;O13.06;BIT;I/O-coupling ST4 OUT2 (via ASI)
ASIOUT4.3;O13.07;BIT;I/O-coupling ST4 OUT3 (via ASI)
Y50.1;O13.12;BIT;release stopper ST5
ASIOUT5.0;O14.00;BIT;I/O-coupling ST5 OUT0 (via ASI)
ASIOUT5.1;O14.01;BIT;I/O-coupling ST5 OUT1 (via ASI)
ASIOUT5.2;O14.02;BIT;I/O-coupling ST5 OUT2 (via ASI)
ASIOUT5.3;O14.03;BIT;I/O-coupling ST5 OUT3 (via ASI)
Y60.1;O14.08;BIT;release stopper ST6
ASIOUT6.0;O14.12;BIT;I/O-coupling ST6 OUT0 (via ASI)
ASIOUT6.1;O14.13;BIT;I/O-coupling ST6 OUT1 (via ASI)
ASIOUT6.2;O14.14;BIT;I/O-coupling ST6 OUT2 (via ASI)
ASIOUT6.3;O14.15;BIT;I/O-coupling ST6 OUT3 (via ASI)
automatic;F0.00;BIT;conveyor automatic-mode is on
cnt_ST1;FW450;WORD(Bin);counter for carrier on ST1
cnt_ST2;FW451;WORD(Bin);counter for carrier on ST2
cnt_ST3;FW452;WORD(Bin);counter for carrier on ST3
cnt_ST4;FW453;WORD(Bin);counter for carrier on ST4
cnt_ST5;FW454;WORD(Bin);counter for carrier on ST5
cnt_ST6;FW455;WORD(Bin);counter for carrier on ST6
stau2time;T2;BIT;max. delay for stausensor
stau3time;T3;BIT;max. delay for stausensor
stau4time;T4;BIT;max. delay for stausensor
stau5time;T5;BIT;max. delay for stausensor
stau6time;T6;BIT;max. delay for stausensor
drv1ready;F10.00;BIT;station 1 and driver are ready
drv2ready;F10.01;BIT;station 2 and driver are ready
drv3ready;F10.02;BIT;station 3 and driver are ready
drv4ready;F10.03;BIT;station 4 and driver are ready
drv5ready;F10.04;BIT;station 5 and driver are ready
drv6ready;F10.05;BIT;station 6 and driver are ready
drv1error;F11.00;BIT;driver 1 error
drv1busy;F12.00;BIT;driver 1 program active
drv2error;F11.01;BIT;driver 2 error
drv3error;F11.02;BIT;driver 3 error
drv4error;F11.03;BIT;driver 4 error
drv5error;F11.04;BIT;driver 5 error
drv6error;F11.05;BIT;driver 6 error
stau1time;T1;BIT;max. delay for stausensor
drv1start;F20.00;BIT;starts driver 1
drv2start;F20.01;BIT;starts driver 2
drv3start;F20.02;BIT;starts driver 3
drv4start;F20.03;BIT;starts driver 4
drv5start;F20.04;BIT;starts driver 5
drv6start;F20.05;BIT;starts driver 6
drv2busy;F12.01;BIT;driver 2 program active
drv3busy;F12.02;BIT;driver 3 program active
drv4busy;F12.03;BIT;driver 4 program active
drv5busy;F12.04;BIT;driver 5 program active
drv6busy;F12.05;BIT;driver 6 program active
wp1target;FW600;WORD(Bin);carrier 1 destination
wp1par1;FW601;WORD(Bin);carrier 1 parameter 1
wp1par2;FW602;WORD(Bin);carrier 1 parameter 2
wp1par3;FW603;WORD(Bin);carrier 1 parameter 3
wp1par4;FW604;WORD(Bin);carrier 1 parameter 4
wp2target;FW610;WORD(Bin);carrier 2 destination
wp3target;FW620;WORD(Bin);carrier 3 destination
wp4target;FW630;WORD(Bin);carrier 4 destination
wp5target;FW640;WORD(Bin);carrier 5 destination
wp6target;FW650;WORD(Bin);carrier 6 destination
wp7target;FW660;WORD(Bin);carrier 7 destination
wp8target;FW670;WORD(Bin);carrier 8 destination
wp9target;FW680;WORD(Bin);carrier 9 destination
wp2par1;FW611;WORD(Bin);carrier 2 parameter 1
wp2par2;FW612;WORD(Bin);carrier 2 parameter 2
wp2par3;FW613;WORD(Bin);carrier 2 parameter 3
wp2par4;FW614;WORD(Bin);carrier 2 parameter 4
wp3par1;FW621;WORD(Bin);carrier 3 parameter 1
wp3par2;FW622;WORD(Bin);carrier 3 parameter 2
wp3par3;FW623;WORD(Bin);carrier 3 parameter 3
wp3par4;FW624;WORD(Bin);carrier 3 parameter 4
wp4par1;FW631;WORD(Bin);carrier 4 parameter 1
wp4par2;FW632;WORD(Bin);carrier 4 parameter 2
wp4par3;FW633;WORD(Bin);carrier 4 parameter 3
wp4par4;FW634;WORD(Bin);carrier 4 parameter 4
wp5par1;FW641;WORD(Bin);carrier 5 parameter 1
wp5par2;FW642;WORD(Bin);carrier 5 parameter 2
wp5par3;FW643;WORD(Bin);carrier 5 parameter 3
wp5par4;FW644;WORD(Bin);carrier 5 parameter 4
wp6par1;FW651;WORD(Bin);carrier 6 parameter 1
wp6par2;FW652;WORD(Bin);carrier 6 parameter 2
wp6par3;FW653;WORD(Bin);carrier 6 parameter 3
wp6par4;FW654;WORD(Bin);carrier 6 parameter 4
wp7par1;FW661;WORD(Bin);carrier 7 parameter 1
wp7par2;FW662;WORD(Bin);carrier 7 parameter 2
wp7par3;FW663;WORD(Bin);carrier 7 parameter 3
wp7par4;FW664;WORD(Bin);carrier 7 parameter 4
wp8par1;FW671;WORD(Bin);carrier 8 parameter 1
wp8par2;FW672;WORD(Bin);carrier 8 parameter 2
wp8par3;FW673;WORD(Bin);carrier 8 parameter 3
wp8par4;FW674;WORD(Bin);carrier 8 parameter 4
wp9par1;FW681;WORD(Bin);carrier 9 parameter 1
wp9par2;FW682;WORD(Bin);carrier 9 parameter 2
wp9par3;FW683;WORD(Bin);carrier 9 parameter 3
wp9par4;FW684;WORD(Bin);carrier 9 parameter 4
st1wpnr;FW100;WORD(Bin);number of carrier at stopper 1
st1target;FW101;WORD(Bin);target of carrier at stopper 1
st1par1;FW102;WORD(Bin);carrier at stopper 1 , parameter 1
st1par2;FW103;WORD(Bin);carrier at stopper 1 , parameter 2
st1par3;FW104;WORD(Bin);carrier at stopper 1 , parameter 3
st1par4;FW105;WORD(Bin);carrier at stopper 1 , parameter 4
st2wpnr;FW110;WORD(Bin);number of carrier at stopper 2
st3wpnr;FW120;WORD(Bin);number of carrier at stopper 3
st4wpnr;FW130;WORD(Bin);number of carrier at stopper 4
st5wpnr;FW140;WORD(Bin);number of carrier at stopper 5
st6wpnr;FW150;WORD(Bin);number of carrier at stopper 6
st2target;FW111;WORD(Bin);target of carrier at stopper 2
st3target;FW121;WORD(Bin);target of carrier at stopper 3
st4target;FW131;WORD(Bin);target of carrier at stopper 4
st5target;FW141;WORD(Bin);target of carrier at stopper 5
st6target;FW151;WORD(Bin);target of carrier at stopper 6
st2par1;FW112;WORD(Bin);carrier at stopper 2 , parameter 1
st3par1;FW122;WORD(Bin);carrier at stopper 3 , parameter 1
st4par1;FW132;WORD(Bin);carrier at stopper 4 , parameter 1
st5par1;FW142;WORD(Bin);carrier at stopper 5 , parameter 1
st6par1;FW152;WORD(Bin);carrier at stopper 6 , parameter 1
st2par2;FW113;WORD(Bin);carrier at stopper 2 , parameter 2
st2par3;FW114;WORD(Bin);carrier at stopper 2 , parameter 3
st2par4;FW115;WORD(Bin);carrier at stopper 2 , parameter 4
st3par2;FW123;WORD(Bin);carrier at stopper 3 , parameter 2
st3par3;FW124;WORD(Bin);carrier at stopper 3 , parameter 3
st3par4;FW125;WORD(Bin);carrier at stopper 3 , parameter 4
st4par2;FW133;WORD(Bin);carrier at stopper 4 , parameter 2
st4par3;FW134;WORD(Bin);carrier at stopper 4 , parameter 3
st4par4;FW135;WORD(Bin);carrier at stopper 4 , parameter 4
st5par2;FW143;WORD(Bin);carrier at stopper 5 , parameter 2
st5par3;FW144;WORD(Bin);carrier at stopper 5 , parameter 3
st5par4;FW145;WORD(Bin);carrier at stopper 5 , parameter 4
st6par2;FW153;WORD(Bin);carrier at stopper 6 , parameter 2
st6par3;FW154;WORD(Bin);carrier at stopper 6 , parameter 3
st6par4;FW155;WORD(Bin);carrier at stopper 6 , parameter 4
FunctionUnit32;FU32;WORD(Bin);
pointer2;FW99;WORD(Bin);target-pointer for memory-access
pointer1;FW98;WORD(Bin);source-pointer for memory-access
FunctionUnit33;FU33;WORD(Bin);
temp3;FW97;WORD(Bin);temporary value 3
temp2;FW96;WORD(Bin);temporary value 2
temp1;FW95;WORD(Bin);temporary value 1
FunctionUnit34;FU34;WORD(Bin);
dr1enable;FW400;WORD(Bin);enable driver 1
dr2enable;FW401;WORD(Bin);enable driver 2
dr3enable;FW402;WORD(Bin);enable driver 3
dr4enable;FW403;WORD(Bin);enable driver 4
dr5enable;FW404;WORD(Bin);enable driver 5
dr6enable;FW405;WORD(Bin);enable driver 6
stateword;FW300;WORD(Bin);
state01;F300.00;BIT;automatic is on
state05;F300.04;BIT;error: old workpiece on distribute
state03;F300.02;BIT;as/rs is empty
state04;F300.03;BIT;as/rs is full
state02;F300.01;BIT;automatic is off
rem_start;F350.00;BIT;remote automatic start
rem_stop;F350.01;BIT;remote automatic stop
rem_reset;F350.02;BIT;remote reset errors
NETOUT1.0;F501.04;BIT;I/O-coupling ST1 OUT0 (via Ethernet)
NETOUT1.1;F501.05;BIT;I/O-coupling ST1 OUT1 (via Ethernet)
NETOUT1.2;F501.06;BIT;I/O-coupling ST1 OUT2 (via Ethernet)
NETOUT1.3;F501.07;BIT;I/O-coupling ST1 OUT3 (via Ethernet)
NET_IN1.0;F500.00;BIT;I/O-coupling ST1 IN0 (via Ethernet)
NET_IN1.1;F500.01;BIT;I/O-coupling ST1 IN1 (via Ethernet)
NET_IN1.2;F500.02;BIT;I/O-coupling ST1 IN2 (via Ethernet)
NET_IN1.3;F500.03;BIT;I/O-coupling ST1 IN3 (via Ethernet)
NETOUT2.0;F511.04;BIT;I/O-coupling ST2 OUT0 (via Ethernet)
NETOUT2.1;F511.05;BIT;I/O-coupling ST1 OUT2 (via Ethernet)
NETOUT2.2;F511.06;BIT;I/O-coupling ST2 OUT2 (via Ethernet)
NETOUT2.3;F511.07;BIT;I/O-coupling ST2 OUT3 (via Ethernet)
NET_IN2.0;F510.00;BIT;I/O-coupling ST2 IN0 (via Ethernet)
NET_IN2.1;F510.01;BIT;I/O-coupling ST2 IN1 (via Ethernet)
NET_IN2.2;F510.02;BIT;I/O-coupling ST2 IN2 (via Ethernet)
NET_IN2.3;F510.03;BIT;I/O-coupling ST2 IN3 (via Ethernet)
NETOUT3.0;F521.04;BIT;I/O-coupling ST3 OUT0 (via Ethernet)
NETOUT4.0;F531.04;BIT;I/O-coupling ST4 OUT0 (via Ethernet)
NETOUT5.0;F541.04;BIT;I/O-coupling ST5 OUT0 (via Ethernet)
NETOUT6.0;F551.04;BIT;I/O-coupling ST6 OUT0 (via Ethernet)
NET_IN3.0;F520.00;BIT;I/O-coupling ST3 IN0 (via Ethernet)
NET_IN4.0;F530.00;BIT;I/O-coupling ST4 IN0 (via Ethernet)
NET_IN5.0;F540.00;BIT;I/O-coupling ST5 IN0 (via Ethernet)
NET_IN6.0;F550.00;BIT;I/O-coupling ST6 IN0 (via Ethernet)
NETOUT3.1;F521.05;BIT;I/O-coupling ST3 OUT1 (via Ethernet)
NETOUT3.2;F521.06;BIT;I/O-coupling ST3 OUT2 (via Ethernet)
NETOUT3.3;F521.07;BIT;I/O-coupling ST3 OUT3 (via Ethernet)
NET_IN3.1;F520.01;BIT;I/O-coupling ST3 IN1 (via Ethernet)
NET_IN3.2;F520.02;BIT;I/O-coupling ST3 IN2 (via Ethernet)
NET_IN3.3;F520.03;BIT;I/O-coupling ST3 IN3 (via Ethernet)
NETOUT4.1;F531.05;BIT;I/O-coupling ST4 OUT1 (via Ethernet)
NETOUT4.2;F531.06;BIT;I/O-coupling ST4 OUT2 (via Ethernet)
NETOUT4.3;F531.07;BIT;I/O-coupling ST4 OUT3 (via Ethernet)
NET_IN4.1;F530.01;BIT;I/O-coupling ST4 IN1 (via Ethernet)
NET_IN4.2;F530.02;BIT;I/O-coupling ST4 IN2 (via Ethernet)
NET_IN4.3;F530.03;BIT;I/O-coupling ST4 IN3 (via Ethernet)
NETOUT5.1;F541.05;BIT;I/O-coupling ST5 OUT1 (via Ethernet)
NETOUT5.2;F541.06;BIT;I/O-coupling ST5 OUT2 (via Ethernet)
NETOUT5.3;F541.07;BIT;I/O-coupling ST5 OUT3 (via Ethernet)
NET_IN5.1;F540.01;BIT;I/O-coupling ST5 IN1 (via Ethernet)
NET_IN5.2;F540.02;BIT;I/O-coupling ST5 IN2 (via Ethernet)
NET_IN5.3;F540.03;BIT;I/O-coupling ST5 IN3 (via Ethernet)
NETOUT6.1;F551.05;BIT;I/O-coupling ST6 OUT1 (via Ethernet)
NETOUT6.2;F551.06;BIT;I/O-coupling ST6 OUT2 (via Ethernet)
NETOUT6.3;F551.07;BIT;I/O-coupling ST6 OUT3 (via Ethernet)
NET_IN6.1;F550.01;BIT;I/O-coupling ST6 IN1 (via Ethernet)
NET_IN6.2;F550.02;BIT;I/O-coupling ST6 IN2 (via Ethernet)
NET_IN6.3;F550.03;BIT;I/O-coupling ST6 IN3 (via Ethernet)
ipstate_1;FW590;WORD(Bin);State IP-communcation ST 1
ipstate_2;FW591;WORD(Bin);State IP-communcation ST 2
ipstate_3;FW592;WORD(Bin);State IP-communcation ST 3
ipstate_4;FW593;WORD(Bin);State IP-communcation ST 4
ipstate_5;FW594;WORD(Bin);State IP-communcation ST 5
ipstate_6;FW595;WORD(Bin);State IP-communcation ST 6
Sort_Full;F30.00;BIT;Station "Sorting" is full
ASRS_Full;F31.00;BIT;Station "AS/RS" is full
ASRS_empt;F31.01;BIT;Station "AS/RS" is empty
ST1first;F462.00;BIT;first pallet at ST1 after restart
ST2first;F462.01;BIT;first pallet at ST2 after restart
ST3first;F462.02;BIT;first pallet at ST3 after restart
ST4first;F462.03;BIT;first pallet at ST4 after restart
ST5first;F462.04;BIT;first pallet at ST5 after restart
ST6first;F462.05;BIT;first pallet at ST6 after restart
B60.1old;F461.05;BIT;carrier at ST6 old state
B10.1old;F461.00;BIT;carrier at ST1 old state
B20.1old;F461.01;BIT;carrier at ST2 old state
B30.1old;F461.02;BIT;carrier at ST3 old state
B40.1old;F461.03;BIT;carrier at ST4 old state
B50.1old;F461.04;BIT;carrier at ST5 old state
FunctionUnit35;FU35;WORD(Bin);
FunctionUnit36;FU36;WORD(Bin);
FunctionUnit37;FU37;WORD(Bin);
Output0_06;O0.06;BIT;
ALIVE_IN1;F500.15;BIT;Toggle-Bit from Station 1
ALIVE_IN2;F510.15;BIT;Toggle-Bit from Station 2
ALIVE_IN3;F520.15;BIT;Toggle-Bit from Station 3
ALIVE_IN4;F530.15;BIT;Toggle-Bit from Station 4
ALIVE_IN5;F540.15;BIT;Toggle-Bit from Station 5
ALIVE_IN6;F550.15;BIT;Toggle-Bit from Station 6
ALIVEOUT1;F501.15;BIT;Toggle-Bit to Station 1
ALIVEOUT2;F511.15;BIT;Toggle-Bit to Station 2
ALIVEOUT3;F521.15;BIT;Toggle-Bit to Station 3
ALIVEOUT4;F531.15;BIT;Toggle-Bit to Station 4
ALIVEOUT5;F541.15;BIT;Toggle-Bit to Station 5
ALIVEOUT6;F551.15;BIT;Toggle-Bit to Station 6
BlinkWord;FW1;WORD(Bin);4 flashing bits
Blink1;F1.00;BIT;flashing frequency 2 Hertz
Blink2;F1.01;BIT;flashing frequency 1 Hertz
Blink3;F1.02;BIT;flashing frequency 0.5 Hertz
Blink4;F1.03;BIT;flashing frequency 0.25 Hertz
CntAlive1;FW470;WORD(Bin);counter for Alive-Bit from Station 1
CntAlive2;FW471;WORD(Bin);counter for Alive-Bit from Station 2
CntAlive3;FW472;WORD(Bin);counter for Alive-Bit from Station 3
CntAlive4;FW473;WORD(Bin);counter for Alive-Bit from Station 4
CntAlive5;FW474;WORD(Bin);counter for Alive-Bit from Station 5
CntAlive6;FW475;WORD(Bin);counter for Alive-Bit from Station 6
Alive1old;F479.00;BIT;old state of toggle-bit from St 1
Alive2old;F479.01;BIT;old state of toggle-bit from St 2
Alive3old;F479.02;BIT;old state of toggle-bit from St 3
Alive4old;F479.03;BIT;old state of toggle-bit from St 4
Alive5old;F479.04;BIT;old state of toggle-bit from St 5
Alive6old;F479.05;BIT;old state of toggle-bit from St 6
St1noConn;F478.00;BIT;no connection to Station at Stopper1
St2noConn;F478.01;BIT;no connection to Station at Stopper2
St3noConn;F478.02;BIT;no connection to Station at Stopper3
St4noConn;F478.03;BIT;no connection to Station at Stopper4
St5noConn;F478.04;BIT;no connection to Station at Stopper5
St6noConn;F478.05;BIT;no connection to Station at Stopper6
NET_IN1;FW500;WORD(Bin);Input-word Stopper 1 (Ethernet)
NET_IN2;FW510;WORD(Bin);Input-word Stopper 2 (Ethernet)
NET_IN3;FW520;WORD(Bin);Input-word Stopper 3 (Ethernet)
NET_IN4;FW530;WORD(Bin);Input-word Stopper 4 (Ethernet)
NET_IN5;FW540;WORD(Bin);Input-word Stopper 5 (Ethernet)
NET_IN6;FW550;WORD(Bin);Input-word Stopper 6 (Ethernet)
NETOUT1;FW501;WORD(Bin);Output-word Stopper 1 (Ethernet)
NETOUT2;FW511;WORD(Bin);Output-word Stopper 2 (Ethernet)
NETOUT3;FW521;WORD(Bin);Output-word Stopper 3 (Ethernet)
NETOUT4;FW531;WORD(Bin);Output-word Stopper 4 (Ethernet)
NETOUT5;FW541;WORD(Bin);Output-word Stopper 5 (Ethernet)
NETOUT6;FW551;WORD(Bin);Output-word Stopper 6 (Ethernet)
reBlink1;F2.00;BIT;
TVision;T99;BIT;delay for Vision
VisionNOK;F32.00;BIT;Workpiece in Vision is not ok
Output0_05;O0.05;BIT;
